"created_at";"address";"city";"country";"phone";"email";"full_name";"job_industry";"acquisition";"birth_date"
"1569333217";"103 north east avenue";panama city;US;"";;Aaliyah GERLACH;Consmer Staples;"";"1974-01-01"
"1571300329";"29 prospect hill";drayton;GB;"07974322099";abigailbyrne@fleckens.hu;Byrne Abigail;Health Care;"";"03/13/1938"
"1569418361";"174 village lake drive";pooler;US;"674.587.2786";;Alford Dicki;Consumer Staples;Advertisement;"12/12/1995"
"1570780542";"";saint-leu;FR;"";alphonsinelaliberte@superrito.com;Alphonsine Laliberté;Information Technology;"";"10/21/1997"
"1569408020";"3605 normandy place south";nashville;US;"685.683.7374";;Littel Amalia;Utilties;referral;"08/16/1963"
"1570104754";"6622 west altadena avenue";glendale;US;"706.877.3666";;Amari Lesch;Financials;event;"10/06/2008"
"1569283327";;;"";;;Dr Anahi Nolan;Consumer Staples;social;"04/26/1997"
"1569281371";"654 laurette place";hayward;US;"";;Ansley Franecki;Materials;"";"06/23/1930"
"1571297749";"3 avenue jules ferry";sotteville-lès-rouen;FR;"0200240211";archiedennis@teleworm.us;Dr Archie Dennis;Energy;referral;"01/28/1997"
"1569406343";"1819 q street southeast";washington;US;"581.029.9583";;Kunze Ari Dr;Industrials;"";"05/03/1937"
"1569421408";"1215 joseph avenue";nashville;US;(400) 414-9948;;Mosciski Aric;Consumer Staples;"";"04/16/1941"
"1569420911";"1430 east audubon road";montgomery;US;"161.023.1597";;Schamberger Arvid Phd;Energy;"";"07/29/1973"
"1571298843";"67 station rd";pwllmeyric;GB;"07947876800";aurivillechalut@fleckens.hu;Auriville Chalut;Utilities;social;"07/31/1986"
"1579786009";"51 sloe lane";crow;GB;"07012495421";bencollier@teleworm.us;Ben Collier;Information Technology;"";"10/24/1976"
"1569339443";"7966 chase circle";arvada;US;(894) 831-7302;;Mills Ben;Industrials;Email;"11/04/1949"
"1569281873";"321 kentucky avenue southeast";washington;US;(633) 018-8962;;Collins Bennett Phd;Utilities;"";"05/08/1960"
"1570104877";"1460 berger street";odenton;US;"101.123.9217";;Schowalter Bernardo;HealthCare;"";"11/17/1974"
"1571299309";"";le robert;FR;"0595978535";bethanybennett@rhyta.com;Bethany Bennett;Utilities;"";"06/17/2018"
"1569309822";"2320 northwest 113th place";oklahoma city;US;"1-379-712-0157";;Me Birdie Shields;Energy;social;"06/01/1967"
"1570101820";"429 patterson street";nashville;US;"700.537.6104";;Me Brando Ledner;Materials;"";"03/01/2011"
"1569255168";"9306 taylorsville road";louisville;US;(496) 748-2200;;Casper Candido Me;Consumer Staples;social;"03/28/1988"
"1569340124";"1401 cordova street";anchorage;US;"1-066-505-4389";;Phd Carmine Wolf;Industrial;Advertisement;"11/27/1999"
"1569419416";"84 holbrook street";north adams;US;"1-929-608-6812";;Me Casimir Gleason;Telecommunication Services;Advertisement;"07/12/1949"
"1569337382";"12420 west montebello avenue";litchfield park;US;"479-751-1354";;Casper O'kon;Financials;n/a;"02/20/1932"
"1569325519";"12460 west solano drive";litchfield park;US;"";;Catalina Turner;Telecommunication Services;"";"03/18/1943"
"1569407522";"8043 cranberry street";anchorage;US;"832-936-6476";;Catherine Hickle;Consumer Staples;event;"10/21/1932"
"1569418981";"11113 north miller avenue";oklahoma city;US;"095.514.5111";;Phd Chandler Erdman;Financials;unknown;"09/09/1986"
"1571299273";"";lyon;FR;"0458612967";charlotteconnolly@einrot.com;Charlotte Connolly;Industrials;"";"02/03/1934"
"1579784969";"8 emerson road";kinsbourne green;GB;"07826862556";christopherstephens@einrot.com;Stephens Christopher;Utilities;"";"01/30/1973"
"1571298243";"";st ann's chapel;GB;"07720377039";clementinelepicier@rhyta.com;Clementine Lépicier;ndustrials;"";"04/04/1970"
"1569279161";"2314 marian bay circle";anchorage;US;"360-638-1409";;Bechtelar Clyde Dr;Financials;"";"12/09/1993"
"1569311733";"5631 west colter street";glendale;US;"308-755-7037";;Phd Colton Bechtelar;Information Technology;n/a;"03/16/1983"
"1569316242";"7931 west 55th avenue";arvada;US;"819.235.5830";;Johns Cornelius;Telecommunication Services;"";"11/26/1948"
"1571296654";"61 maidstone road";wepre;GB;"07773041241";daniellefraser@dayrep.com;Fraser Danielle Dr;Health Care;Email;"02/28/2002"
"1569421968";"20443 granite park circle";anchorage;US;"1-141-025-9561";;Dr Danyka Wisozk;Information Technology;"";"05/26/1971"
"1569408144";"9 montello street";brockton;US;(972) 686-0653;;Rempel Darian;Energy;"";"12/21/2019"
"1569256341";"39 tania drive";manchester;US;"1-600-989-2797";;Dr Dillan Sporer;Telecommunication Services;"";"03/26/1983"
"1569286987";"";;;;;Parker Dixie Dr;Telecommunication Services;unknown;"06/04/1981"
"1569317820";"3140 commander drive";louisville;US;"";;Dwight Parisian;Industrials;"";"05/18/1945"
"1569421470";"3504 east 16th avenue";anchorage;US;"";;Dylan Zemlak;Enrgy;n/a;"10/19/2009"
"1569338573";"43949 south moray street";fremont;US;"";;Edna Jacobi;Financials;event;"03/18/1982"
"1570091845";"306 rural hill court";nashville;US;"888.821.8287";;Klocko Edwin;Information Technology;"";"01/15/1975"
"1579785946";"";hallrule;GB;"07759060025";elisetyler@jourrapide.com;Tyler Elise Phd;Information Technology;referral;"08/25/2012"
"1569323348";"91 hoague drive";highgate;US;"982.167.8020";;Feest Elliot;inancials;n/a;"09/12/2006"
"1570780666";"32 rue de strasbourg";clermont-ferrand;FR;"";erembourgpanetier@dayrep.com;Erembourg Panetier;Consumer Staples;referral;"01/10/1983"
"1569406592";"615 sand road";severn;US;"093.604.6375";;Erin Fadel;Consumer Staples;unknown;"12/22/2001"
"1569323224";"1513 southeast 9th street";moore;US;"202-623-7006";;PURDY ERLING;Information Technology;Email;"11/28/1942"
"1569329180";"8325 northwest 19th street";oklahoma city;US;"052-836-9222";;Zboncak Fabiola;Health Cae;n/a;"06/17/2001"
"1570785543";"11 place stanislas";nancy;FR;"0333818050";favorherve@einrot.com;Hervé Favor;Energy;social;"04/10/1949"
"1569279098";"565 north lakeshore drive";panama city beach;US;(586) 089-3677;;Flavio Robel;Informatin Technology;n/a;"01/06/2014"
"1569285976";"2803 6th street northeast";washington;US;"";;Dr Foster Langworth;Information Technology;"";"07/02/1945"
"1570101883";"3469 north par court";fayetteville;US;(202) 599-7711;;Frederik Runte;Healh Care;Advertisement;"01/10/1987"
"1570038577";"1309 graniteville road";williamstown;US;"";;Phd Gene Krajcik;Materials;Advertisement;"05/29/1956"
"1579784874";"74 park end st";brokenborough;"";"07917526641";georgehartley@fleckens.hu;Dr George Hartley;ndustrials;Email;"09/25/1986"
"1569405287";"707 harrisburg drive";davidsonville;US;"140-893-5420";;Henry Muller;Utlities;referral;"02/20/1937"
"1579787079";"69 walden road";greenhall;GB;"07772319095";hollymorneau@gustr.com;Phd Holly Morneau;Financials;referral;"09/17/1976"
"1570785539";"43 walden road";great tosson;GB;"07853615897";huguesbeausoleil@teleworm.us;Beausoleil Hugues Phd;Utilities;"";"01/06/2013"
"1570713096";"92, rue sébastopol";nashville;US;"05 16 29 64 04";;Dr Ines Gosselin;Information Technology;referral;"02/15/2005"
"1569287429";"6702 johnny mercer boulevard";savannah;US;"288-468-9888";;Hessel Ivory Phd;Industrils;Advertisement;"06/25/1976"
"1570105125";"3704 hughes road";louisville;US;"240-859-8993";;Jamar Hamill;Energy;Email;"06/12/1995"
"1570106708";"18330 north 79th avenue";glendale;US;"156-502-6896";;Janelle Lakin;Industrials;Email;"06/11/1971"
"1569408702";"2236 susitna drive";anchorage;US;"891.988.4954";;Jazlyn Macgyver;Financias;event;"08/15/2002"
"1579787142";"74 avenue jean portalis";tours;FR;"0229738993";jeanettelaboissonniere@cuvox.de;Laboissonnière Jeanette;Health Care;Advertisement;"02/20/30"
"1570105440";"644 west maple street";fayetteville;US;"544.037.8598";;Johanna Wiza;Cosumer Staples;"";"03/27/1980"
"1569256155";"131 westerly street";manchester;US;"282.607.8552";;Kacey Heidenreich;Telecommunication Services;referral;"12/22/1942"
"1579789283";"13 avenue millies lacroix";dzaoudzi;FR;"0242504666";katebaker@cuvox.de;Phd Kate Baker;Energy;"";"07/29/1972"
"1579785506";"56 pier road";stanley;GB;"07058537440";katiekay@jourrapide.com;Phd Katie Kay;Finncials;referral;"02/11/1992"
"1581947626";"";poughill;GB;"07004919058";kiandavies@teleworm.us;Kian Davies;Health Care;referral;"10/11/1973"
"1569408950";"53 philip road";manchester;US;"";;Kory Mertz;Telecommunication Services;event;"09/15/1988"
"1569334586";"1514 canton avenue";milton;US;"";;Me Laisha Koch;Materials;unknown;"09/20/1968"
"1571301012";"68 fox lane";bodicote;GB;"07015357061";libbymorgan@armyspy.com;Libby Morgan;Enegy;referral;"05/02/2005"
"1569333528";"44 elm street";east longmeadow;US;"175.904.4470";;Lorenz Runolfsson;Health Care;n/a;"02/25/1994"
"1569318501";"1821 catalpa way";hayward;US;(835) 909-5901;;Beahan Louvenia Dr;Health Care;n/a;"01/21/2007"
"1569318130";"645 g street";anchorage;US;"723.078.2878";;Lucius Flatley;Consumer Stples;"";"08/16/1994"
"1570783821";"12 lincoln green lane";chorlton-cum-hardy;GB;"07914296200";lucymyers@armyspy.com;Lucy Myers;Materials;"";"07/31/2019"
"1569310987";"1334 east 14th avenue";anchorage;US;"";;Lula Balistreri;Industrials;Advertisement;"07/04/1934"
"1569288464";"4225 eatons creek road";nashville;US;"1-325-154-9077";;Lurline Dietrich;Information Technology;Advertisement;"10/23/1932"
"1569282883";"5311 chenoweth park lane";louisville;US;(837) 061-8995;;Lyric Hagenes;Materils;Advertisement;"07/21/1982"
"1570780685";"";vincennes;FR;"";maddisonlawson@armyspy.com;Lawson Maddison Me;Materials;referral;"11/11/1974"
"1571299846";"";mellor;GB;"07068810103";madeleinelafond@rhyta.com;Me Madeleine Lafond;Consumer Staples;Email;"09/23/1998"
"1569287831";"355 gillette road";nashville;US;(140) 537-3262;;Harris Madelynn;Materials;n/a;"10/03/1930"
"1569407398";"109 high street";manchester;US;"041-596-2434";;Huels Maida;Telecommunication Services;"";"12/13/2018"
"1569329800";"307 meadowood court";lynn haven;US;(455) 990-5181;;Major Bradtke;Health Care;Advertisement;"02/26/2013"
"1569406216";"618 mclaws street";savannah;US;"";;Me Malinda Schneider;Materials;referral;"03/19/1983"
"1570713176";"92, rue sébastopol";norman;US;"05 16 29 64 04";;Marcel Loiseau;Health Care;Advertisement;"10/13/1938"
"1569324030";"949 south lawrence street";montgomery;US;"184-437-0734";;O'hara Marietta;Utilities;referral;"03/19/1977"
"1569277311";"13 riverview avenue";groton;US;"1-234-207-9145";;Mcclure Maverick;Consumer Staples;social;"02/18/1934"
"1579789155";"85 shannon way";chinley head;GB;"07833058441";melissaallen@dayrep.com;Melissa Allen;aterials;Email;"01/20/1990"
"1569310552";"632 north pine street";anchorage;US;"";;Phd Melvin Reilly;Industrials;n/a;"10/16/1941"
"1571296304";"";limoges;FR;"0591842389";michaelabbott@jourrapide.com;Michael Abbott;Utilities;social;"04/21/1998"
"1569419914";"17 hillcrest road";rutland;US;"327.299.0851";;Zieme Michaela;Telecommunication Services;n/a;"07/29/1952"
"1569418547";"1528 spruce street";berkeley;US;"611.719.1825";;Minerva Dietrich;Energy;Advertisement;"02/13/1974"
"1569330109";"9134 brook park drive";montgomery;US;"1-113-868-4448";;Montana Boyer;Financials;n/a;"08/15/1987"
"1570781587";"97 rue bonnet";vitry-sur-seine;FR;"0118843163";nicholasdyerdayrepcom;Dyer Nicholas Phd;Industrial;"";"05/27/1996"
"1570040669";"5 tranquil place";pooler;US;"066-905-4646";;Nigel Bednar;Information Technology;social;"02/09/1976"
"1570100121";"539 palermo road";panama city;US;"1-212-488-4261";;Orland Swaniawski;Energy;Advertisement;"01/13/1965"
"1569311111";"607 north 46th avenue";fayetteville;US;"1-107-719-9090";;Schowalter Pablo;Telecommunication Services;"";"10/04/1930"
"1569405101";"1644 queenstown road";nichols hills;US;"046.840.3688";;Paul Hermann;Energy;"";"10/18/1979"
"1569316863";"101 mustang drive";san luis obispo;US;"1-327-094-0528";;Peggie Purdy;Consumer Stapls;Email;"11/22/2001"
"1569337693";"97 lincoln street";fitchburg;US;(720) 438-5011;;Penelope Cole;Telecommunication Services;event;"02/21/1945"
"1569333714";"13 warren avenue";somerville;US;"284.781.7620";;Phd Price Buckridge;Utilities;Advertisement;"09/29/1967"
"1569334958";"4221 u.s. 5";burke;US;(495) 286-2271;;Mitchell Prudence;Information Technology;"";"11/30/1966"
"1569278909";"240 chatham lane";annapolis;US;(473) 266-0268;;Prudence Robel;Materials;"";"02/04/1950"
"1569407833";"3652 east blue stone drive";fayetteville;US;"538-164-7069";;Randal Heathcote;Enrgy;n/a;"04/11/1996"
"1569338387";"5458 zephyr court";arvada;US;(386) 531-8025;;Raven Howell;Utilities;"";"09/04/1980"
"1571300362";"98 rue du gue jacquet";châtillon;FR;"0155247884";raymondchaussee@cuvox.de;Chaussée Raymond;Utilities;social;"08/15/1983"
"1569403552";"347 brewer drive";nashville;US;"764.106.7058";;Reece Collins;Energy;Email;"01/25/1960"
"1569408392";"5803 west gelding drive";glendale;US;"494-803-6696";;Renee Wiza;Industrials;"";"06/06/1981"
"1569313479";"2909 minnesota avenue";lynn haven;US;"049-316-3438";;Glover River;Telecommunication Services;Advertisement;"08/04/1961"
"1571297776";"";withiel florey;GB;"07034276441";rogergagne@dayrep.com;Me Roger Gagné;Consuer Staples;social;"09/01/1940"
"1569279476";"9 montello street";brockton;US;(888) 206-9789;;Stoltenberg Rosendo Dr;Telecommunication Services;n/a;"06/20/1992"
"1571299437";"68 rue de raymond poincaré";neuilly-sur-seine;FR;"0100913012";ryanpower@teleworm.us;Phd Ryan Power;Energy;"";"02/16/2002"
"1571299361";"33 netherpark crescent";stillington;GB;"07912595641";samuelgregory@einrot.com;Me Samuel Gregory;Information Technology;Advertisement;"02/01/1961"
"1569320050";"6463 vrain street";arvada;US;(700) 759-1658;;Dr Santa Kshlerin;Materials;"";"07/18/1979"
"1570787990";"84 rue grande fusterie";brive-la-gaillarde;FR;"0507535471";searlastollmache@rhyta.com;Searlas Tollmache;Utilities;Email;"10/22/1956"
"1569336326";"2707 wendell avenue";louisville;US;"1-915-948-8447";;Huel Serena;aterials;Advertisement;"10/31/1978"
"1569419043";"435 granite street";quincy;US;"872-451-9002";;Schuppe Shanel Phd;Health Care;"";"02/20/1949"
"1569287112";"1749 haleys hope court";nashville;US;"304.034.9756";;Silas Wilkinson;Materils;"";"11/12/2000"
"1570041419";"407 west hillwood drive";nashville;US;"880.424.6248";;Stephen Nicolas;Materials;n/a;"03/24/1969"
"1581947616";"4 ross road";marshaw;GB;"07831606905";"";Phd Sumner Mailhot;Energ;social;"07/13/2009"
"1569318316";"2402 eastbridge court";louisville;US;"";;Sylvia Berge;Materials;"";"07/31/1954"
"1569280298";"32 prospect street";manchester;US;"1-494-084-7755";;Predovic Sylvia;Consmer Staples;n/a;"12/20/1931"
"1569280675";"3617 oak grove circle";montgomery;US;"993.551.0261";;Collins Talia;Financials;"";"11/24/1959"
"1569327815";"404 summit oaks drive";nashville;US;"1-292-724-5639";;Schultz Tate Phd;Telecommunication Services;social;"03/16/1981"
"1571296476";"";newbridge;"";"07058629148";telfordlangloisrhytacom;Phd Telford Langlois;Health Care;Advertisement;"08/12/1942"
"1569419167";"323 randolph street";montgomery;US;(531) 232-0311;;Timmothy Welch;Energy;event;"04/18/1949"
"1571300171";"87 park avenue";laverstock;GB;"07914566330";tobywoodward@jourrapide.com;Woodward Toby;Utilities;event;"09/10/1952"
"1569309698";"7018 russell court";arvada;US;"099-643-4195";;Tod Mertz;Information Technology;event;"12/09/2019"
"1569319988";"6653 west rose garden lane";glendale;US;"";;Dr Tyrel Boehm;Telecommunication Services;referral;"04/28/1976"
"1570092732";"16040 north 67th drive";peoria;US;"";;Uriel Kirlin;Consumer Staples;event;"11/25/1996"
"1571300874";"43 rue des nations unies";saint-brieuc;FR;"0215506905";vardencroquetaigne@jourrapide.com;Croquetaigne Varden;Financials;"";"07/21/2002"
"1569327629";"121 mills run drive";savannah;US;"209.764.1540";;D'amore Vida;Material;Advertisement;"01/22/1988"
"1569337942";"1349 burkhart avenue";san leandro;US;"067-726-1227";;Vivian Olson;Maerials;Email;"02/04/1969"
"1579725201";"52, rue isambard";vanves;FRA;"01.16.35.17.02";;Phd Vivienne Beaulieu;Industrials;social;"06/02/1994"
"1579725566";"";vanves;FRA;"01.16.35.17.02";;Beaulieu Vivienne;Industrials;social;"2007.09.05"
"1581947338";"";vanves;FRA;"01.16.35.17.02";;Beaulieu Vivienne;Telecommunication Services;"";"11/23/1960"
"1579726175";"";vanves;FRA;"01.16.35.17.02";;Beaulieu Vivienne;Telecommunication Services;event;"08/19/1989"
"1579725692";"";vanves;FRA;"01.16.35.17.02";;Dr Vivienne Beaulieu;Materials;unknown;"08/30/1986"
"1579725423";"";vanves;FRA;"01.16.35.17.02";;Dr Vivienne Beaulieu;ndustrials;unknown;"01/07/2002"
"1571300310";"21 princes street";rogate;GB;"07080344376";williamlucas@superrito.com;Lucas William;Utilities;"";"06/09/1951"
"1569331416";"9472 Noble Way";Arvada;"";(792) 534-3302;;Pollich Abagail;Mterials;n/a;"05/16/1970"
"1569315095";"467 Biscayne Avenue Northwest";Palm Bay;FRA;"";;Me Abdiel Runolfsson;Information Technology;"";"04/06/1992"
"1570794392";"";LA CIOTAT;FRA;"0444711955";abigailmarsdeneinrotcom;Marsden Abigail;Consumer Staples;unknown;"02/03/2012"
"1571300090";"69 Broad Street";LOWER WALTON;"";"07712221951";adamfraserdayrepcom;Fraser Adam Me;Financials;referral;"08/05/1958"
"1571300196";"54 Wern Ddu Lane";LUDDINGTON;"";"07787093461";aidanosullivanarmyspycom;O'sullivan Aidan Phd;Industrials;"";"12/21/1982"
"1569405597";"2560 Michigan Court";Panama City;"";"1-658-146-0563";;Aiyana Miller;Materials;"";"08/09/1940"
"1569326699";"";Louisville;"";"1-999-800-6838";;Albertha O'hara;Financials;Advertisement;"12/23/1952"
"1569311671";"";Arvada;"";"1-784-824-5643";;Alek Treutel;Industrials;social;"07/08/1983"
"1579789220";"";cliff;GB;"07742853928";alexanderdyer@superrito.com;Alexander Dyer;Industrials;"";"09/05/1981"
"1581947316";"";Southbourne;GB;"07902908995";adorleemasse@jourrapide.com;Adorlee Massé;Consumer Staples;Advertisement;"09/14/1944"
"1569339504";;;;;;Boyer Alberto;Healt Care;Email;"10/25/1998"
"1569281747";"189 dalton avenue";Pittsfield;US;"";;Alden Zemlak;Telecommunication Services;Advertisement;"12/28/2018"
"1569256465";"19448 currant drive";Edmond;US;(544) 591-9124;;Aletha Stracke;Utilities;"";"07/20/1986"
"1570789739";"";Mid Ardlaw;GB;"07878100835";alexandergraham@superrito.com;Alexander Graham;Telecommunication Services;"";"09/19/1972"
"1569277385";"249 progress drive";Manchester;US;"822.875.4478";;Alexandrine Smith;Utilities;Email;"12/09/1951"
"1571299741";"40 friar street";Clay Cross;GB;"07707629723";alfieharvey@superrito.com;Harvey Alfie;Consumer Staples;unknown;"10/30/2008"
"1569406778";"6233 south hampton drive";Montgomery;US;"095-522-9383";;Me Alfreda Kub;Materials;event;"09/07/1983"
"1569326948";"5609 colorado avenue northwest";Washington;US;"962.731.0425";;Phd Amalia Donnelly;Utilities;social;"03/16/1982"
"1571299841";"14 tonbridge rd";Copt Oak;GB;"07847231012";amberhardy@rhyta.com;Amber Hardy;Finncials;event;"10/09/1979"
"1571298885";"34 rue ernest renan";Cholet;FRA;"0218695704";ambernewton@gustr.com;Amber Newton;Enegy;social;"10/11/1937"
"1569283832";"78 cliffside drive";Manchester;US;(601) 091-3430;;Powlowski Amos Dr;Consumer Staples;event;"11/15/2018"
"1570092254";"159 north pawlet road";Pawlet;US;"233-021-4134";;Phd Anika Kling;Financials;social;"06/04/2019"
"1571299212";"";Anglet;FRA;"0507880050";annaparkin@einrot.com;Anna Parkin;Utilities;social;"03/21/1981"
"1570103576";"6985 woodstock road";Hartford;US;"";;Araceli West;Materials;unknown;"08/13/2007"
"1571297687";"21 fordham rd";Haddington;GB;"07803237874";archardlesage@dayrep.com;Me Archard Lesage;Financials;social;"06/07/2014"
"1569341061";"539 palermo road";Panama City;US;"196.781.0393";;Audreanne Kirlin;Financils;"";"08/11/1970"
"1570038892";"1211 friendship avenue";Panama City;US;"1-962-416-5032";;Yundt Ava Phd;Industials;referral;"06/26/1968"
"1571297807";"30 rue pierre de coubertin";Toulouse;FR;"0567432416";azurachastain@teleworm.us;Azura Chastain;Materials;social;"10/19/2011"
"1571300303";"";Bordeaux;FR;"0595774684";benparkin@superrito.com;Parkin Ben;Materials;unknown;"05/16/1976"
"1571298342";"";Pinvin;GB;"07031447764";benjamingoodwin@rhyta.com;Phd Benjamin Goodwin;Enegy;"";"05/07/1953"
"1569282946";"89 frances drive";Manchester;US;(163) 030-0923;;Wolff Bernita;Health Care;"";"09/11/1943"
"1569339566";"1828 ridgewick road";Glen Burnie;US;"085-603-2831";;Lueilwitz Braxton Dr;Utilities;social;"03/02/1949"
"1569330544";"2707 wendell avenue";Louisville;US;"1-838-221-9114";;Brisa Abshire;Consumer Staples;"";"06/30/1980"
"1569311795";"523 10th street";Greeley;US;"1-196-167-4894";;Gulgowski Britney Phd;Utilities;"";"01/02/1984"
"1571300766";"";Vitrolles;FR;"0475286773";campbellgendron@superrito.com;Campbell Gendron;Utilities;n/a;"09/09/1931"
"1570802758";"";Wootton;GB;"07730789305";catherinedaoust@armyspy.com;Catherine D'aoust;inancials;event;"03/22/1997"
"1569282820";"4001 19th place northeast";Washington;US;"";;Cecil Little;Consume Staples;"";"07/20/1951"
"1570091979";"53 philip road";Manchester;US;"1-732-018-0302";;Dr Charley O'keefe;Energy;"";"06/11/2011"
"1571300213";"78 rue petite fusterie";Brest;FRA;"0299123264";charlottewalton@einrot.com;Charlotte Walton;Financials;n/a;"11/11/2011"
"1569420725";"201 east 9th avenue";Anchorage;US;"035.778.7170";;Dr Chester Howe;Health Care;unknown;"09/06/1976"
"1570780741";"";Rosny-sous-bois;FRA;"0186940741";christinecharronsuperrito.com;Charron Christine;Telecommunication Services;event;"02/15/1979"
"1570102198";"22 charnock street";Beverly;US;"690.268.0636";;Claudie Stamm;Indusrials;"";"04/12/1938"
"1569340626";"3189 main street";Mammoth Lakes;U.S;"";;Clementine Mckenzie;Health Care;Advertisement;"02/07/1972"
"1569332969";"8671 west 78th circle";Arvada;U.S;"645-442-3771";;Columbus Keeling;Health Care;n/a;"01/27/1992"
"1569313974";"1515 northwest 19th street";Oklahoma City;U.S;(645) 267-5582;;Herzog Crawford;Energy;Advertisement;"08/31/1957"
"1569338097";"962 south silverado drive";Fayetteville;U.S;"664.302.7385";;Crawford Hyatt;Telecommunication Services;n/a;"03/30/1978"
"1570041291";"8506 laviento drive";Anchorage;U.S;(050) 136-6285;;Feest Crystal;Financials;referral;"06/15/1937"
"1569335766";"5632 west acoma drive";Glendale;U.S;"1-283-390-2167";;Pollich Daphne Me;Information Technology;"";"07/23/1987"
"1569276727";"2506 west madison street";Louisville;U.S;(451) 477-3647;;Phd Dasia Jaskolski;Health Care;Advertisement;"08/11/1985"
"1569280739";"628 ayrlie water road";Gibson Island;U.S;(343) 727-4697;;Deborah Lindgren;Utilities;unknown;"06/02/1942"
"1569405906";"184 oak street";Foxborough;U.S;"1-391-010-3923";;Deontae Fisher;Industrials;"";"07/05/1984"
"1571297998";"";Swalcliffe;GB;"07885313203";desirelauzier@cuvox.de;Dr Desire Lauzier;Utilitis;"";"05/05/2013"
"1569278595";"2803 river drive";Thunderbolt;U.S;(681) 980-0832;;Schroeder Destiny Dr;Utilities;referral;"07/02/1950"
"1569277205";"4207 ranch drive";Edmond;U.S;"";;Dimitri Welch;Materials;"";"07/31/1997"
"1569329243";"2534 willena avenue";Montgomery;U.S;"722.394.5169";;Domenick Fay;Utilities;referral;"03/02/1950"
"1569277702";"3024 24th street northeast";Washington;U.S;"000-196-3749";;Phd Earlene Dare;Telecommunication Services;"";"07/07/1935"
"1569328187";"1106 homer avenue";Savannah;U.S;(707) 905-1677;;Maggio Easter;Telecommunicaion Services;Advertisement;"09/05/1942"
"1569287555";"54 gentry court";Annapolis;U.S;"676-463-5616";;Dr Eino Wolff;Industrils;referral;"02/07/1977"
"1579784883";"";Saint-chamond;FR;"0499501047";eliotduranseau@einrot.com;Eliot Duranseau;Enrgy;referral;"12/04/1939"
"1569331726";"327 fairway boulevard";Panama City Beach;US;"055-986-4104";;Olson Elise;Telecommunication Services;"";"06/05/2011"
"1571300226";"54 thames street";Boldon;GB;"07983254738";ellielewis@superrito.com;Ellie Lewis;Consumer Staples;n/a;"02/27/1980"
"1570101630";tyndall drive;Tyndall Air Force Base;US;"122.726.3846";;Schmeler Elyssa;Financials;"";"08/07/1968"
"1569328001";"17020 west 64th drive";Arvada;US;"245.571.5656";;Kassulke Emile Me;Consumer Staples;"";"08/22/1956"
"1571296049";"";Le Lamentin;FR;"0587974024";emmasingh@cuvox.de;Emma Singh;HealthCare;"";"07/30/1953"
"1569310490";"312 shepherd hills drive";Nashville;US;"";;Dr Ephraim Mckenzie;Materils;unknown;"02/04/1961"
"1569417988";"701 mussel slough road";Hanford;US;"1-540-916-2598";;Mohr Estefania;Materials;unknown;"09/17/1962"
"1571300504";"";Thrybergh;GB;"07907459691";falerinabelanger@teleworm.us;Phd Falerina Bélanger;Informaton Technology;"";"04/26/1995"
"1571296600";"";Lambersart;FR;"0361195997";gasparsciverit@einrot.com;Gaspar Sciverit;Materials;Advertisement;"12/27/2016"
"1569321117";"11865 west 74th avenue";Arvada;US;"826-021-1918";;Georgiana Koelpin;Industrials;n/a;"06/11/1968"
"1571298642";"";Fordham;GB;"07912445854";germainboncoeur@dayrep.com;Boncoeur Germain;Materials;"";"05/15/1994"
"1570102325";"5412 east 22nd avenue";Anchorage;US;(879) 660-6531;;Padberg German;Information Technology;referral;"05/19/1983"
"1571299666";"";Rennes;FR;"0242621273";gillduval@gustr.com;Duval Gill;Financials;"";"04/26/1959"
"1569283704";"22572 toreador drive";Salinas;U.S;"1-054-726-0184";;Watsica Gladys;Telecommunication Serices;Email;"04/25/2003"
"1570102890";"6620 north 61st drive";Glendale;U.S;(651) 031-1731;;Glennie Kuhn;Information Technology;referral;"03/27/1951"
"1569338511";"5275 north 59th avenue";Glendale;U.S;"922.647.7027";;Dr Harrison Langworth;Energy;event;"09/17/2008"
"1570103389";"4 conti circle";Barre;U.S;"";;Hope Kunze;Conumer Staples;n/a;"01/13/1958"
"1569322728";"5156 south dakota avenue northeast";Washington;U.S;"";;Ignatius Lynch;Consumer Staples;referral;"10/31/1979"
"1571298974";"";Toulon;FR;"0427444299";imogenhardy@teleworm.us;Hardy Imogen;Telecommunication Services;"";"12/02/1963"
"1571298168";"4 foregate street";Coddington;GB;"07977805767";isabelsimmons@einrot.com;Simmons Isabel;Financials;Email;"08/26/1969"
"1570103265";"7950 west 51st avenue";Arvada;U.S;"";;Jade Abernathy;Utilities;event;"04/11/1956"
"1569419230";"645 malaga place";Panama City Beach;U.S;"1-385-511-3305";;Phd Jaeden Johnson;Consumer Stapes;unknown;"05/20/1974"
"1570101071";"683 north wilson avenue";Fayetteville;U.S;"";;Phd Jakob Schmeler;Telecommunication Services;"";"04/11/2019"
"1569336636";"45 parsons avenue";Saint Albans City;U.S;"";;Jamison Wunsch;Utilities;referral;"02/10/1952"
"1569255293";"39 cottage street";Athol;U.S;"";;Jarrod Heathcote;Consumer Staples;"";"05/05/1967"
"1569421719";"915 hargrove street";Ardmore;US;"144-167-1221";;Jed Larson;Telecommunication Services;"";"07/01/1986"
"1569337568";"4 samuel riggs circle";Gloucester;US;"1-323-234-4902";;Corkery Jordyn;Informtion Technology;event;"01/06/1971"
"1579784156";"";Kilmote;GB;"07969642884";josephecotuand@teleworm.us;Dr Josephe Cotuand;Industrials;event;"02/08/2009"
"1569408826";"8 kozera avenue";Hadley;U.S;"";;Goodwin June;Industrials;Email;"01/26/2018"
"1570100940";"3408 taylorsville road";Louisville;U.S;"443-097-0273";;Juwan Schmidt;Utilities;referral;"11/12/1996"
"1569276789";"77 weaver road";Manchester;U.S;"069-727-8760";;Kathlyn Wuckert;Consume Staples;referral;"08/01/2001"
"1569324154";"2032 gorgas street";Montgomery;U.S;"714.084.0092";;Collier Kayli Me;Industrials;"";"01/11/1947"
"1569277838";"10980 splendor loop";Anchorage;U.S;"";;Kristoffer Smith;Consuer Staples;social;"12/14/1952"
"1571296241";"";Hurstbourne Priors;GB;"07714679212";lancedeschamps@fleckens.hu;Lance Deschamps;Financials;n/a;"06/16/1950"
"1569403305";"8501 twin gable drive";Montgomery;U.S;"";;Me Laura Hammes;Materials;Email;"07/13/1965"
"1570107084";"67 steeplechase drive";Manchester;U.S;"1-133-356-6903";;Lauriane Reinger;Utilities;n/a;"02/21/2001"
"1569276914";"3824 rosewood court";Midwest City;U.S;"";;Wunsch Laurie;Industrials;unknown;"02/01/1954"
"1569332535";"8556 nelson court";Arvada;U.S;"122-016-6417";;Wuckert Lawson Dr;Industrials;n/a;"01/27/1949"
"1570780403";"";Abbeville;FR;"";leahbarry@rhyta.com;Barry Leah Phd;Energy;n/a;"04/16/1947"
"1569319245";"19 murray road";Essex;US;"";;Phd Leilani Balistreri;Energy;"";"02/22/1930"
"1570103638";"1123 ardee avenue";Nashville;US;"1-028-440-9461";;Leo Mcdermott;Information Technology;"";"12/08/2016"
"1569329924";"3534 saint lawrence road";Nashville;US;"1-102-401-6805";;White Letha;Materials;unknown;"04/22/1988"
"1571297256";"34 rue des lieutemants thomazo";Dole;FR;"0330607719";lothairparent@gustr.com;Dr Lothair Parent;Telecommunication Services;Email;"09/03/1935"
"1569319617";"241 methuen street";Lowell;US;"086.102.3353";;Louie Champlin;Telecommunication Services;event;"10/01/1945"
"1571299423";"";Curteis' Corner;GB;"07943911199";louisconnor@rhyta.com;Louis Connor;Information Technology;n/a;"03/20/1938"
"1570788623";"6 union terrace";Lochlea;GB;"07884817469";lucasshaw@fleckens.hu;Shaw Lucas;Energy;n/a;"04/23/1978"
"1579785443";"14 thompsons lane";Melbourne;GB;"07933532300";lucasmoss@rhyta.com;Phd Lucas Moss;Financials;"";"05/09/1953"
"1569285529";"1250 pram place";Annapolis;US;"";;Dr Lucio Ullrich;Industrials;referral;"11/02/1968"
"1570790083";"90 rue de strasbourg";Clamart;FR;"0181432979";maddisonmccarthy@cuvox.de;Mccarthy Maddison;Information Technology;Email;"02/06/2000"
"1569309760";"131 kent drive";Manchester;US;"";;Zemlak Magali;Industrials;"";"07/24/1956"
"1569319370";"5224 wasena avenue";Baltimore;US;(065) 980-4928;;Malachi Lebsack;Financials;Email;"12/04/1961"
"1569314943";"79 allée, voie de caumartin";Rennes;FR;"0620963119";;Phd Marie Gautier;Telecommunication Services;n/a;"11/17/1977"
"1569405659";"5603 dune creek trail";Panama City;US;"";;Wolff Marilie;Financials;"";"08/05/1984"
"1569280172";"8101 vaughn road";Montgomery;US;"1-375-136-7971";;Marjorie Rowe;Consumer Staples;"";"06/08/1943"
"1570040856";"2522 fountain avenue";South Lake Tahoe;US;"";;Marlen Eichmann;Industrials;Email;"05/07/1942"
"1571297333";"63 main road";Auchreoch;GB;"07724252867";masonthompson@armyspy.com;Phd Mason Thompson;Energ;"";"01/27/2019"
"1570100433";"1710 massachusetts avenue southeast";Washington;US;(755) 478-5097;;Crist Mathilde Dr;Information Technology;Email;"11/01/1962"
"1570784806";"78 wood lane";Bacton;GB;"07086717858";matildamclean@teleworm.us;Matilda Mclean;Materials;"";"02/15/1978"
"1571300699";"";Thorpe;GB;"07801218645";matildagendron@armyspy.com;Dr Matilda Gendron;Financials;referral;"01/12/1956"
"1569278532";"507 castlebrook drive";Montgomery;US;"1-276-130-0817";;Mekhi Satterfield;Information Technology;Advertisement;"01/10/1980"
"1569318006";"491 arabian way";Grand Junction;US;"706-329-0430";;Hand Meredith Me;Industrials;n/a;"10/06/1956"
"1571298866";"";St David's;GB;"07858697752";merlinbarrientos@rhyta.com;Dr Merlin Barrientos;Consumer Staples;Email;"06/23/1993"
"1569338200";"195 nursery street";Springfield;US;"365-197-7550";;Price Mitchel;Materials;referral;"01/26/1974"
"1570781691";"";Cold Hesledon;GB;"07030583342";mollygeorge@einrot.com;Dr Molly George;nergy;unknown;"06/19/2010"
"1569319432";"3141 north lancaster lane";Fayetteville;US;"774.057.5586";;Monserrate Gerhold;Telecommunication Services;Advertisement;"11/06/2014"
"1569280487";"3616 echo lane";Nashville;US;"216-582-7137";;Moshe Hagenes;Materials;Email;"11/12/1942"
"1571296246";"88 fraserburgh rd";Liberton;GB;"07957397130";muhammadlee@cuvox.de;Muhammad Lee;Materials;unknown;"10/18/2000"
"1571299924";"93 brynglas road";Gloweth;GB;"07962679960";muhammadfletcher@jourrapide.com;Muhammad Fletcher;Financials;unknown;"02/26/1984"
"1569333093";"701 mussel slough road";Hanford;US;"1-694-200-6919";;Muriel Ledner;Materials;unknown;"03/21/2019"
"1569327691";"901 north lincoln boulevard";Oklahoma City;U.S;"";;Nella Zulauf;Consumer Staples;Advertisement;"07/29/2011"
"1571298777";"";Hampton On The Hill;GB;"07979060398";nicholaswarren@fleckens.hu;Warren Nicholas;Energy;event;"02/21/1993"
"1569332162";"3 carvel circle";Edgewater;US;"416-325-5094";;Beahan Nick;Health Care;"";"12/08/1995"
"1579784371";"";Carcassonne;FR;"0412486880";pascallafontaine@armyspy.com;Pascal Lafontaine;Energy;social;"11/24/1998"
"1579788430";"";Dalderby;GB;"07755978592";peppinfugere@rhyta.com;Fugère Peppin;Energy;"";"11/01/1997"
"1570781466";"57 marlborough crescent";Southbar;GB;"07744722105";peppintherriault@einrot.com;Peppin Therriault;Materials;referral;"02/08/1979"
"1569418485";"17 marina drive";Savannah;U.S;"";;Peyton Kilback;Financials;"";"07/20/1986"
"1569340874";"5327 pierce street";Arvada;U.S;"";;Pink Lindgren;Energy;referral;"10/11/1932"
"1579789854";"";Fleury-les-aubrais;FR;"0247055324";porterguimond@gustr.com;Me Porter Guimond;Telecommunication Services;event;"12/21/1995"
"1570781685";"";Montpellier;FR;"0460255560";prewittlebatelier@armyspy.com;Lebatelier Prewitt;Consumer Staples;Email;"02/09/2007"
"1569335020";"207 joe street";Farmington;US;"1-224-731-0538";;Towne Randy;Health Care;event;"11/04/1945"
"1569331351";"3613 east 18th avenue";Anchorage;US;"";;Rodger D'amore;Information Technology;"";"04/09/2006"
"1579784065";"50 quai des belges";Marseille;FR;"0465777308";shannonfrench@jourrapide.com;Shannon French;inancials;"";"02/18/2015"
"1569311173";"12 saint andrews crossover";Severna Park;US;"307.963.9116";;Moore Sheridan Phd;Utilities;n/a;"11/14/1992"
"1571299902";"";Much Hadham;GB;"07727460166";sofiadavison@einrot.com;Phd Sofia Davison;Consumer Staples;n/a;"10/20/1981"
"1569321241";"1015 castle road";Edmond;US;"409.853.9785";;Terrell Dibbert;Information Technology;"";"09/26/1937"
"1569328807";"5108 franklin street";Savannah;U.S;"274.557.4411";;Terry Bednar;Telcommunication Services;unknown;"05/10/1962"
"1569256838";"2650 east huntsville road";Fayetteville;U.S;"1-485-038-4654";;Morar Theodora Dr;Health Care;Advertisement;"02/09/2002"
"1569314408";"1 avenue d'orsel";Antony;FR;"700-036-9733";;Roche Thomas;Materials;Advertisement;"12/09/1958"
"1570106959";"110 seaton place northwest";Washington;U.S;"";;Tom Toy;Industrials;n/a;"03/21/1934"
"1569409012";"1261 steamboat drive";Fayetteville;U.S;"1-876-949-0021";;Johnston Vada;Information Technology;n/a;"11/27/2007"
"1569313912";"190 high street";Medford;U.S;"";;Valentine Schinner;Telecommunication Services;"";"05/01/1945"
"1569329366";"2414 parker street";Berkeley;U.S;"523.185.4589";;Phd Verda Cassin;Industrials;"";"06/27/1964"
"1570104253";"7102 north 43rd avenue";Glendale;U.S;(988) 245-7763;;Wyman Verlie Me;Consumer Staples;n/a;"03/24/1961"
"1569335829";"1528 spruce street";Berkeley;U.S;"1-210-186-6232";;Cole Vilma Dr;Information Technology;Email;"04/13/1954"
"1569332721";"2716 30th street southeast";Washington;U.S;"1-393-525-0272";;Vivianne Schinner;Telecommunication Services;referral;"09/28/2005"
"1579725946";"52, rue isambard";Vanves;FRA;"01.16.35.17.02";;Vivienne Beaulieu;Health Care;"";"02/02/1975"
"1579725359";"";Vanves;FRA;"01.16.35.17.02";;Vivienne Beaulieu;Information Technology;n/a;"12/26/2007"
"1579726446";"52, rue isambard";Vanves;FRA;"01.16.35.17.02";;Vivienne Beaulieu;Utilities;Email;"07/03/1977"
"1579726186";"52, rue isambard";Vanves;FRA;"01.16.35.17.02";;Dr Vivienne Beaulieu;Financials;referral;"06/21/2012"
"1571298132";"12 rue goya";Le Moule;FRA;"0514652388";abigailconnolly@superrito.com;Phd Abigail Connolly;Financials;"";"09/28/1939"
"1570797703";"50 eastbourne rd";Collingham;GB;"07020803339";agatequerry@teleworm.us;Agate Querry;Industrials;n/a;"09/27/1937"
